﻿<?xml version="1.0" encoding="utf-8"?>
<deployment>
  <id>e6484518-7532-4228-abea-f67581583105</id>
  <author>N/A</author>
  <deployer>OneDeploy</deployer>
  <authorEmail>N/A</authorEmail>
  <message>N/A</message>
  <progress></progress>
  <status>Success</status>
  <statusText></statusText>
  <lastSuccessEndTime>2026-01-08T13:17:06.0821907Z</lastSuccessEndTime>
  <receivedTime>2026-01-08T13:14:39.1018786Z</receivedTime>
  <startTime>2026-01-08T13:14:40.9094837Z</startTime>
  <endTime>2026-01-08T13:17:06.0821907Z</endTime>
  <complete>True</complete>
  <is_temp>False</is_temp>
  <is_readonly>True</is_readonly>
  <buildSummary />
</deployment>