<step title="Incoming Request" date="2026-01-08T13:14:32.349" instance="b08b79" url="/api/publish?type=zip" method="POST" type="request" pid="772,1,5" Accept="*/*" Host="ai-client-discovery.scm.azurewebsites.net" User-Agent="AZURECLI/2.79.0 (MSI)" Accept-Encoding="gzip, deflate" Authorization="Bea..." Cache-Control="no-cache" Content-Type="application/octet-stream" Cookie="ARRAffinity=b08b793703ed90c29d190499db3bc194822d9b232329810c8844678e66822c18; ARRAffinitySameSite=b08b793703ed90c29d190499db3bc194822d9b232329810c8844678e66822c18" Content-Length="330683" x-ms-client-request-id="edcf6c7a-ec93-11f0-862e-b48c9d30dc96" x-ms-artifact-checksum="94c8364ac66b605732eaaa22e38d84f30e1c54d98dc7ddc3bd01922033c4956d" X-ARR-LOG-ID="edcf6c7a-ec93-11f0-862e-b48c9d30dc96" CLIENT-IP="182.156.149.64:57823" X-SITE-DEPLOYMENT-ID="ai-client-discovery" WAS-DEFAULT-HOSTNAME="ai-client-discovery.scm.azurewebsites.net" X-Forwarded-Proto="https" X-AppService-Proto="https" X-Forwarded-TlsVersion="1.3" X-WAWS-Unencoded-URL="/api/publish?type=zip" X-Client-IP="182.156.149.64" X-Client-Port="57823" >
  <step title="Cleanup Xml Logs" date="2026-01-08T13:14:32.371" /><!-- duration: 61ms -->
  <step title="OneDeploy" date="2026-01-08T13:14:32.924" >
    <step title="None repository commit" date="2026-01-08T13:14:32.995" >
      <step title="Commit id: e6484518-7532-4228-abea-f67581583105" date="2026-01-08T13:14:33.052" Message="N/A" AuthorName="N/A" AuthorEmail="N/A" /><!-- duration: 30ms -->
    </step><!-- duration: 108ms -->
    <step title="Starting PushDeployAsync" date="2026-01-08T13:14:33.144" /><!-- duration: 20ms -->
    <step title="Writing artifact to /tmp/zipdeploy/c768de79-1f6c-479c-a59d-3dfe611b3e1c.zip" date="2026-01-08T13:14:33.294" >
      <step title="Writing multipart request body to /tmp/zipdeploy/c768de79-1f6c-479c-a59d-3dfe611b3e1c.zip" date="2026-01-08T13:14:33.324" /><!-- duration: 20ms -->
    </step><!-- duration: 223ms -->
    <step title="None repository commit" date="2026-01-08T13:14:33.568" >
      <step title="Commit id: e6484518-7532-4228-abea-f67581583105" date="2026-01-08T13:14:33.577" Message="N/A" AuthorName="N/A" AuthorEmail="N/A" /><!-- duration: 9ms -->
    </step><!-- duration: 40ms -->
    <step title="Attempting to fetch target branch HEAD" date="2026-01-08T13:14:33.868" /><!-- duration: 19ms -->
    <step title="Acquiring Deployment Lock" date="2026-01-08T13:14:33.900" /><!-- duration: 29ms -->
    <step title="Acquired Deployment Lock" date="2026-01-08T13:14:34.029" /><!-- duration: 10ms -->
    <step title="None repository commit" date="2026-01-08T13:14:34.067" >
      <step title="Commit id: e6484518-7532-4228-abea-f67581583105" date="2026-01-08T13:14:34.099" Message="N/A" AuthorName="N/A" AuthorEmail="N/A" /><!-- duration: 10ms -->
    </step><!-- duration: 53ms -->
    <step title="Performing fetch based deployment" date="2026-01-08T13:14:34.147" >
      <step title="Creating temporary deployment" date="2026-01-08T13:14:34.169" /><!-- duration: 412ms -->
      <step title="Releasing Deployment Lock" date="2026-01-08T13:14:36.066" /><!-- duration: 18ms -->
      <step title="Cleaning up temp folders from previous zip deployments and extracting pushed zip file /tmp/zipdeploy/c768de79-1f6c-479c-a59d-3dfe611b3e1c.zip (0.32 MB) to /tmp/zipdeploy/extracted" date="2026-01-08T13:14:36.216" >
        <step title="ChmodRecursive Process exited with total time taken in ms: 170" date="2026-01-08T13:14:36.647" /><!-- duration: 22ms -->
      </step><!-- duration: 474ms -->
      <step title="None repository commit" date="2026-01-08T13:14:36.727" >
        <step title="Commit id: e6484518-7532-4228-abea-f67581583105" date="2026-01-08T13:14:36.738" Message="OneDeploy" AuthorName="N/A" AuthorEmail="N/A" /><!-- duration: 19ms -->
      </step><!-- duration: 42ms -->
      <step title="None repository commit" date="2026-01-08T13:14:38.801" >
        <step title="Commit id: e6484518-7532-4228-abea-f67581583105" date="2026-01-08T13:14:38.858" Message="N/A" AuthorName="N/A" AuthorEmail="N/A" /><!-- duration: 4ms -->
      </step><!-- duration: 87ms -->
      <step title="Deployment timer started" date="2026-01-08T13:14:38.900" >
        <step title="DeploymentManager.Deploy(id:e6484518-7532-4228-abea-f67581583105)" date="2026-01-08T13:14:38.921" >
          <step title="Collecting changeset information" date="2026-01-08T13:14:39.000" /><!-- duration: 193ms -->
          <step title="Updating submodules" date="2026-01-08T13:14:39.229" /><!-- duration: 1327ms -->
          <step title="Determining deployment builder" date="2026-01-08T13:14:41.077" >
            <step title="Builder is OryxBuilder" date="2026-01-08T13:14:41.107" /><!-- duration: 9ms -->
          </step><!-- duration: 49ms -->
          <step title="PreDeployment: context.CleanOutputPath False" date="2026-01-08T13:14:41.190" >
            <step title="PreDeployment: context.OutputPath /home/site/wwwroot" date="2026-01-08T13:14:41.409" >
              <step title="Building" date="2026-01-08T13:14:41.699" >
                <step title="Executing external process" date="2026-01-08T13:14:42.913" type="process" path="bash" arguments="-c &quot;oryx build /tmp/zipdeploy/extracted -o /home/site/wwwroot --platform python --platform-version 3.11 -p virtualenv_name=antenv --log-file /tmp/build-debug.log  -i /tmp/8de4eb7e208dd6a --compress-destination-dir | tee /tmp/oryx-build.log ; exit $PIPESTATUS &quot;" /><!-- duration: 140247ms -->
                <step title="Using PythonDeploymentLogParser" date="2026-01-08T13:17:03.735" /><!-- duration: 3ms -->
                <step title="Modified file to trigger a restart of the app container." date="2026-01-08T13:17:05.626" /><!-- duration: 8ms -->
                <step title="Skip function trigger and logicapp sync because function is not enabled." date="2026-01-08T13:17:05.682" /><!-- duration: 10ms -->
                <step title="Purge deployment items" date="2026-01-08T13:17:06.848" >
                  <step title="Remove 0db150e05, Failed, received at 01/08/2026 13:03:47" date="2026-01-08T13:17:06.946" /><!-- duration: 3ms -->
                  <step title="Remove temp-86e7, Failed, received at 01/08/2026 13:03:34" date="2026-01-08T13:17:07.022" /><!-- duration: 3ms -->
                  <step title="Remove 7060e73a-, Failed, received at 01/08/2026 11:34:39" date="2026-01-08T13:17:07.169" /><!-- duration: 3ms -->
                  <step title="Remove temp-1dd7, Failed, received at 01/08/2026 11:34:34" date="2026-01-08T13:17:07.250" /><!-- duration: 3ms -->
                </step><!-- duration: 407ms -->
              </step><!-- duration: 145619ms -->
            </step><!-- duration: 145913ms -->
            <step title="Cleaning up temp files" date="2026-01-08T13:17:07.325" /><!-- duration: 900ms -->
            <step title="Cleaning up temp files" date="2026-01-08T13:17:08.230" /><!-- duration: 525ms -->
            <step title="Reloading status file with latest updates" date="2026-01-08T13:17:08.818" >
              <step title="WebHooksManager.PublishEventAsync: PostDeployment" date="2026-01-08T13:17:08.828" /><!-- duration: 190ms -->
            </step><!-- duration: 203ms -->
            <step title="Cleaning up temporary deployment - fetch deployment was successful" date="2026-01-08T13:17:09.030" /><!-- duration: 4ms -->
          </step><!-- duration: 147894ms -->
        </step><!-- duration: 150184ms -->
        <step title="Outgoing response" date="2026-01-08T13:17:09.134" type="response" statusCode="200" statusText="OK" /><!-- duration: 3ms -->
      </step><!-- duration: 150243ms -->
