<step title="Incoming Request" date="2026-01-08T13:03:32.326" instance="b08b79" url="/deploy?scmType=ExternalGit&amp;isAsync=true" method="POST" type="request" pid="770,1,5" Host="ai-client-discovery.scm.azurewebsites.net" User-Agent="Azure-WebSites-Controller/106.0.7.121" Authorization="Bas..." Expect="100-continue" Content-Length="93" x-ms-request-id="c2082ac6-631d-4ea3-89e3-b3db0aaf6185" X-ARR-LOG-ID="c2082ac6-631d-4ea3-89e3-b3db0aaf6185" CLIENT-IP="20.40.202.19:2881" X-SITE-DEPLOYMENT-ID="ai-client-discovery" WAS-DEFAULT-HOSTNAME="ai-client-discovery.scm.azurewebsites.net" X-MS-PLATFORM-INTERNAL="True" X-Forwarded-Proto="https" X-AppService-Proto="https" X-Forwarded-TlsVersion="1.3" X-WAWS-Unencoded-URL="/deploy?scmType=ExternalGit&amp;isAsync=true" X-Client-IP="20.40.202.19" X-Client-Port="2881" >
  <step title="FetchHandler" date="2026-01-08T13:03:32.384" >
    <step title="GitExeRepository.Initialize" date="2026-01-08T13:03:32.503" >
      <step title="Executing external process" date="2026-01-08T13:03:32.514" type="process" path="git" arguments="init" /><!-- duration: 342ms -->
      <step title="Executing external process" date="2026-01-08T13:03:32.874" type="process" path="git" arguments="config core.autocrlf false" /><!-- duration: 42ms -->
      <step title="Executing external process" date="2026-01-08T13:03:32.927" type="process" path="git" arguments="config core.preloadindex true" /><!-- duration: 69ms -->
      <step title="Executing external process" date="2026-01-08T13:03:33.000" type="process" path="git" arguments="config user.name &quot;unknown&quot;" /><!-- duration: 66ms -->
      <step title="Executing external process" date="2026-01-08T13:03:33.085" type="process" path="git" arguments="config user.email &quot;unknown&quot;" /><!-- duration: 61ms -->
      <step title="Executing external process" date="2026-01-08T13:03:33.181" type="process" path="git" arguments="config filter.lfs.clean &quot;git-lfs clean %f&quot;" /><!-- duration: 47ms -->
      <step title="Executing external process" date="2026-01-08T13:03:33.237" type="process" path="git" arguments="config filter.lfs.smudge &quot;git-lfs smudge %f&quot;" /><!-- duration: 41ms -->
      <step title="Executing external process" date="2026-01-08T13:03:33.305" type="process" path="git" arguments="config filter.lfs.required true" /><!-- duration: 41ms -->
      <step title="Configure git server" date="2026-01-08T13:03:33.358" >
        <step title="Executing external process" date="2026-01-08T13:03:33.361" type="process" path="git" arguments="config receive.denyCurrentBranch ignore" /><!-- duration: 49ms -->
      </step><!-- duration: 62ms -->
      <step title="Create deny users for .git folder" date="2026-01-08T13:03:33.428" /><!-- duration: 21ms -->
      <step title="Configure git-credential" date="2026-01-08T13:03:33.452" >
        <step title="Executing external process" date="2026-01-08T13:03:33.480" type="process" path="git" arguments="config credential.helper &quot;!&apos;/home/site/repository/.git/hooks/git-credential-invalid.sh&apos;&quot;" /><!-- duration: 39ms -->
      </step><!-- duration: 76ms -->
      <step title="Setup post receive hook" date="2026-01-08T13:03:33.531" >
        <step title="Non-Windows enviroment, granting 755 permission to post-receive hook file" date="2026-01-08T13:03:33.558" /><!-- duration: 90ms -->
      </step><!-- duration: 120ms -->
    </step><!-- duration: 1156ms -->
    <step title="Executing external process" date="2026-01-08T13:03:33.667" type="process" path="git" arguments="log -n 1 Branch-B --" >
      <step title="Process dump" date="2026-01-08T13:03:33.718" exitCode="128" type="processOutput" /><!-- duration: 3ms -->
    </step><!-- duration: 61ms -->
    <step title="Start deployment in the background" date="2026-01-08T13:03:33.747" >
      <step title="Executing external process" date="2026-01-08T13:03:33.785" type="process" path="git" arguments="rev-parse --git-dir" /><!-- duration: 60ms -->
      <step title="Executing external process" date="2026-01-08T13:03:33.865" type="process" path="git" arguments="rev-parse --git-dir" /><!-- duration: 53ms -->
      <step title="Executing external process" date="2026-01-08T13:03:33.963" type="process" path="git" arguments="log -n 1 Branch-B --" >
        <step title="Process dump" date="2026-01-08T13:03:34.053" exitCode="128" type="processOutput" /><!-- duration: 31ms -->
      </step><!-- duration: 159ms -->
      <step title="Acquiring Deployment Lock" date="2026-01-08T13:03:34.133" /><!-- duration: 11ms -->
      <step title="Acquired Deployment Lock" date="2026-01-08T13:03:34.305" /><!-- duration: 29ms -->
    </step><!-- duration: 747ms -->
  </step><!-- duration: 2115ms -->
  <step title="Outgoing response" date="2026-01-08T13:03:34.509" type="response" statusCode="202" statusText="Accepted" /><!-- duration: 8ms -->
</step><!-- duration: 2194ms -->
