﻿<?xml version="1.0" encoding="utf-8"?>
<deployment>
  <id>907591e9-662c-4fee-a05b-911e268020f8</id>
  <author>N/A</author>
  <deployer>OneDeploy</deployer>
  <authorEmail>N/A</authorEmail>
  <message>N/A</message>
  <progress></progress>
  <status>Success</status>
  <statusText></statusText>
  <lastSuccessEndTime>2026-01-08T13:31:42.376578Z</lastSuccessEndTime>
  <receivedTime>2026-01-08T13:29:15.5399125Z</receivedTime>
  <startTime>2026-01-08T13:29:17.0267388Z</startTime>
  <endTime>2026-01-08T13:31:42.376578Z</endTime>
  <complete>True</complete>
  <is_temp>False</is_temp>
  <is_readonly>True</is_readonly>
  <buildSummary />
</deployment>