<step title="Incoming Request" date="2026-01-08T13:28:18.755" instance="b08b79" url="/api/publish?type=zip&amp;async=True" method="POST" type="request" pid="770,1,18" Accept="*/*" Host="ai-client-discovery.scm.azurewebsites.net" User-Agent="AZURECLI/2.79.0 (MSI)" Accept-Encoding="gzip, deflate" Authorization="Bea..." Cache-Control="no-cache" Content-Type="application/octet-stream" Cookie="ARRAffinity=b08b793703ed90c29d190499db3bc194822d9b232329810c8844678e66822c18; ARRAffinitySameSite=b08b793703ed90c29d190499db3bc194822d9b232329810c8844678e66822c18" Content-Length="330683" x-ms-client-request-id="db700e84-ec95-11f0-b3ee-b48c9d30dc96" x-ms-artifact-checksum="94c8364ac66b605732eaaa22e38d84f30e1c54d98dc7ddc3bd01922033c4956d" X-ARR-LOG-ID="db700e84-ec95-11f0-b3ee-b48c9d30dc96" CLIENT-IP="182.156.149.64:55276" X-SITE-DEPLOYMENT-ID="ai-client-discovery" WAS-DEFAULT-HOSTNAME="ai-client-discovery.scm.azurewebsites.net" X-Forwarded-Proto="https" X-AppService-Proto="https" X-Forwarded-TlsVersion="1.3" X-WAWS-Unencoded-URL="/api/publish?type=zip&amp;async=True" X-Client-IP="182.156.149.64" X-Client-Port="55276" >
  <step title="Cleanup Xml Logs" date="2026-01-08T13:28:18.772" /><!-- duration: 42ms -->
  <step title="OneDeploy" date="2026-01-08T13:28:19.174" >
    <step title="None repository commit" date="2026-01-08T13:28:19.231" >
      <step title="Commit id: bb8db49f-02aa-4f64-8c47-95f6fc17afa3" date="2026-01-08T13:28:19.252" Message="N/A" AuthorName="N/A" AuthorEmail="N/A" /><!-- duration: 40ms -->
    </step><!-- duration: 71ms -->
    <step title="Starting PushDeployAsync" date="2026-01-08T13:28:19.312" /><!-- duration: 10ms -->
    <step title="Writing artifact to /tmp/zipdeploy/eb429148-b1d8-4dba-8334-29ecffa6158a.zip" date="2026-01-08T13:28:19.363" >
      <step title="Writing multipart request body to /tmp/zipdeploy/eb429148-b1d8-4dba-8334-29ecffa6158a.zip" date="2026-01-08T13:28:19.402" /><!-- duration: 21ms -->
    </step><!-- duration: 240ms -->
    <step title="Removing previous build artifact&apos;s manifest file" date="2026-01-08T13:28:19.622" >
      <step title="None repository commit" date="2026-01-08T13:28:19.673" >
        <step title="Commit id: bb8db49f-02aa-4f64-8c47-95f6fc17afa3" date="2026-01-08T13:28:19.702" Message="N/A" AuthorName="N/A" AuthorEmail="N/A" /><!-- duration: 52ms -->
      </step><!-- duration: 102ms -->
      <step title="Run-From-Zip is set to a remote URL using WEBSITE_RUN_FROM_PACKAGE or WEBSITE_USE_ZIP app setting. Deployment is not supported in this configuration." date="2026-01-08T13:28:19.813" /><!-- duration: 11ms -->
    </step><!-- duration: 221ms -->
    <step title="Outgoing response" date="2026-01-08T13:28:19.976" type="response" statusCode="409" statusText="Conflict" /><!-- duration: 18ms -->
  </step><!-- duration: 842ms -->
