<step title="Incoming Request" date="2026-01-08T13:29:10.556" instance="b08b79" url="/api/publish?type=zip&amp;async=True" method="POST" type="request" pid="770,1,7" Accept="*/*" Host="ai-client-discovery.scm.azurewebsites.net" User-Agent="AZURECLI/2.79.0 (MSI)" Accept-Encoding="gzip, deflate" Authorization="Bea..." Cache-Control="no-cache" Content-Type="application/octet-stream" Cookie="ARRAffinity=b08b793703ed90c29d190499db3bc194822d9b232329810c8844678e66822c18; ARRAffinitySameSite=b08b793703ed90c29d190499db3bc194822d9b232329810c8844678e66822c18" Content-Length="330683" x-ms-client-request-id="fcd48180-ec95-11f0-abbd-b48c9d30dc96" x-ms-artifact-checksum="94c8364ac66b605732eaaa22e38d84f30e1c54d98dc7ddc3bd01922033c4956d" X-ARR-LOG-ID="fcd48180-ec95-11f0-abbd-b48c9d30dc96" CLIENT-IP="182.156.149.64:52051" X-SITE-DEPLOYMENT-ID="ai-client-discovery" WAS-DEFAULT-HOSTNAME="ai-client-discovery.scm.azurewebsites.net" X-Forwarded-Proto="https" X-AppService-Proto="https" X-Forwarded-TlsVersion="1.3" X-WAWS-Unencoded-URL="/api/publish?type=zip&amp;async=True" X-Client-IP="182.156.149.64" X-Client-Port="52051" >
  <step title="OneDeploy" date="2026-01-08T13:29:10.640" >
    <step title="None repository commit" date="2026-01-08T13:29:10.651" >
      <step title="Commit id: 907591e9-662c-4fee-a05b-911e268020f8" date="2026-01-08T13:29:10.655" Message="N/A" AuthorName="N/A" AuthorEmail="N/A" /><!-- duration: 3ms -->
    </step><!-- duration: 10ms -->
    <step title="Starting PushDeployAsync" date="2026-01-08T13:29:10.663" /><!-- duration: 3ms -->
    <step title="Writing artifact to /tmp/zipdeploy/72712812-6361-4c6d-843d-9e088d40e831.zip" date="2026-01-08T13:29:10.688" >
      <step title="Writing multipart request body to /tmp/zipdeploy/72712812-6361-4c6d-843d-9e088d40e831.zip" date="2026-01-08T13:29:10.693" /><!-- duration: 6ms -->
    </step><!-- duration: 789ms -->
    <step title="None repository commit" date="2026-01-08T13:29:11.483" >
      <step title="Commit id: 907591e9-662c-4fee-a05b-911e268020f8" date="2026-01-08T13:29:11.486" Message="N/A" AuthorName="N/A" AuthorEmail="N/A" /><!-- duration: 3ms -->
    </step><!-- duration: 10ms -->
    <step title="Start deployment in the background" date="2026-01-08T13:29:11.496" >
      <step title="None repository commit" date="2026-01-08T13:29:11.510" >
        <step title="Commit id: 907591e9-662c-4fee-a05b-911e268020f8" date="2026-01-08T13:29:11.520" Message="N/A" AuthorName="N/A" AuthorEmail="N/A" /><!-- duration: 10ms -->
      </step><!-- duration: 30ms -->
      <step title="Acquiring Deployment Lock" date="2026-01-08T13:29:11.544" /><!-- duration: 4ms -->
      <step title="Acquired Deployment Lock" date="2026-01-08T13:29:11.602" /><!-- duration: 6ms -->
    </step><!-- duration: 188ms -->
  </step><!-- duration: 1052ms -->
  <step title="Outgoing response" date="2026-01-08T13:29:11.702" type="response" statusCode="202" statusText="Accepted" /><!-- duration: 7ms -->
</step><!-- duration: 1156ms -->
