<step title="Incoming Request" date="2026-01-08T13:13:22.543" instance="b08b79" url="/api/publish?type=zip" method="POST" type="request" pid="770,1,26" Accept="*/*" Host="ai-client-discovery.scm.azurewebsites.net" User-Agent="AZURECLI/2.79.0 (MSI)" Accept-Encoding="gzip, deflate" Authorization="Bea..." Cache-Control="no-cache" Content-Type="application/octet-stream" Cookie="ARRAffinity=b08b793703ed90c29d190499db3bc194822d9b232329810c8844678e66822c18; ARRAffinitySameSite=b08b793703ed90c29d190499db3bc194822d9b232329810c8844678e66822c18" Content-Length="330683" x-ms-client-request-id="c7fd7f62-ec93-11f0-a15a-b48c9d30dc96" x-ms-artifact-checksum="94c8364ac66b605732eaaa22e38d84f30e1c54d98dc7ddc3bd01922033c4956d" X-ARR-LOG-ID="c7fd7f62-ec93-11f0-a15a-b48c9d30dc96" CLIENT-IP="182.156.149.64:60891" X-SITE-DEPLOYMENT-ID="ai-client-discovery" WAS-DEFAULT-HOSTNAME="ai-client-discovery.scm.azurewebsites.net" X-Forwarded-Proto="https" X-AppService-Proto="https" X-Forwarded-TlsVersion="1.3" X-WAWS-Unencoded-URL="/api/publish?type=zip" X-Client-IP="182.156.149.64" X-Client-Port="60891" >
  <step title="OneDeploy" date="2026-01-08T13:13:23.177" >
    <step title="None repository commit" date="2026-01-08T13:13:23.628" >
      <step title="Commit id: cb6bcadd-f6be-4f4a-b988-5ee273da0655" date="2026-01-08T13:13:23.719" Message="N/A" AuthorName="N/A" AuthorEmail="N/A" /><!-- duration: 47ms -->
    </step><!-- duration: 159ms -->
    <step title="Starting PushDeployAsync" date="2026-01-08T13:13:23.791" /><!-- duration: 27ms -->
    <step title="Writing artifact to /tmp/zipdeploy/a6ac7476-5770-4554-80c4-12e5d05a2593.zip" date="2026-01-08T13:13:23.877" >
      <step title="Writing multipart request body to /tmp/zipdeploy/a6ac7476-5770-4554-80c4-12e5d05a2593.zip" date="2026-01-08T13:13:23.969" /><!-- duration: 12ms -->
    </step><!-- duration: 512ms -->
    <step title="None repository commit" date="2026-01-08T13:13:24.489" >
      <step title="Commit id: cb6bcadd-f6be-4f4a-b988-5ee273da0655" date="2026-01-08T13:13:24.500" Message="N/A" AuthorName="N/A" AuthorEmail="N/A" /><!-- duration: 80ms -->
    </step><!-- duration: 152ms -->
    <step title="Attempting to fetch target branch HEAD" date="2026-01-08T13:13:24.680" /><!-- duration: 100ms -->
    <step title="Acquiring Deployment Lock" date="2026-01-08T13:13:24.790" /><!-- duration: 3ms -->
    <step title="Cannot Acquire Deployment Lock already held" date="2026-01-08T13:13:24.834" /><!-- duration: 3ms -->
    <step title="There is a deployment currently in progress. Please try again when it completes." date="2026-01-08T13:13:24.873" /><!-- duration: 10ms -->
  </step><!-- duration: 1727ms -->
  <step title="Outgoing response" date="2026-01-08T13:13:24.940" type="response" statusCode="409" statusText="Conflict" /><!-- duration: 30ms -->
</step><!-- duration: 2489ms -->
